True_FTHG,Pred_FTHG,True_FTAG,Pred_FTAG
3,1.9747895551073238,1,0.42394394712252287
1,0.5840274568623445,1,0.976285550714628
